{
    "accuracies": [
        1.0, 
        1.0, 
        1.0, 
        1.0, 
        1.0, 
        1.0, 
        1.0, 
        1.0, 
        0.99854227405247808, 
        0.99854227405247808, 
        0.99854227405247808, 
        1.0, 
        1.0, 
        1.0, 
        1.0, 
        1.0, 
        0.99416909620991256, 
        0.99708454810495628, 
        1.0, 
        1.0, 
        0.98979591836734693, 
        1.0, 
        0.98979591836734693, 
        1.0, 
        0.99562682215743437, 
        0.99125364431486884, 
        1.0, 
        0.98833819241982512, 
        1.0, 
        0.99854227405247808
    ], 
    "average": 0.99800777453838685, 
    "number of executions": 30, 
    "standard deviation": 0.0035204073249134934
}