{
    "accuracies": [
        1.0, 
        1.0, 
        0.98893805309734517, 
        0.99336283185840712, 
        0.99557522123893805, 
        0.99557522123893805, 
        1.0, 
        0.99778761061946908, 
        1.0, 
        0.98893805309734517, 
        1.0, 
        1.0, 
        0.98893805309734517, 
        1.0, 
        1.0, 
        1.0, 
        1.0, 
        0.99336283185840712, 
        0.98893805309734517, 
        1.0, 
        1.0, 
        0.98893805309734517, 
        0.99115044247787609, 
        1.0, 
        0.99336283185840712, 
        0.98893805309734517, 
        1.0, 
        1.0, 
        1.0, 
        1.0
    ], 
    "average": 0.99646017699115041, 
    "number of executions": 30, 
    "standard deviation": 0.0045196322849688835
}