{
    "accuracies": [
        1.0, 
        0.99557522123893805, 
        1.0, 
        0.99557522123893805, 
        0.99778761061946908, 
        1.0, 
        1.0, 
        0.99778761061946908, 
        0.99557522123893805, 
        1.0, 
        1.0, 
        1.0, 
        0.99336283185840712, 
        1.0, 
        0.99778761061946908, 
        1.0, 
        0.99557522123893805, 
        1.0, 
        1.0, 
        1.0, 
        1.0, 
        1.0, 
        1.0, 
        1.0, 
        1.0, 
        1.0, 
        0.99778761061946908, 
        0.98893805309734517, 
        0.99336283185840712, 
        1.0
    ], 
    "average": 0.99830383480825957, 
    "number of executions": 30, 
    "standard deviation": 0.0027206293135245791
}