{
    "accuracies": [
        0.96848137535816614, 
        0.97707736389684818, 
        0.97421203438395421, 
        0.97134670487106012, 
        0.97994269340974216, 
        0.96275071633237819, 
        0.96275071633237819, 
        0.96561604584527216, 
        0.98567335243553011, 
        0.96848137535816614, 
        0.96275071633237819, 
        0.97707736389684818, 
        0.98567335243553011, 
        0.95702005730659023, 
        0.97134670487106012, 
        0.97134670487106012, 
        0.97421203438395421, 
        0.98280802292263614, 
        0.96561604584527216, 
        0.97421203438395421, 
        0.96561604584527216, 
        0.96848137535816614, 
        0.97421203438395421, 
        0.97994269340974216, 
        0.97134670487106012, 
        0.95702005730659023, 
        0.97421203438395421, 
        0.96848137535816614, 
        0.97421203438395421, 
        0.95128939828080228
    ], 
    "average": 0.97077363896848134, 
    "number of executions": 30, 
    "standard deviation": 0.0080840893866280395
}