{
    "accuracies": [
        0.9652173913043478, 
        0.9869565217391304, 
        0.9652173913043478, 
        0.9826086956521739, 
        0.9695652173913043, 
        0.9695652173913043, 
        0.70869565217391306, 
        0.99130434782608701, 
        0.97826086956521741, 
        0.9956521739130435, 
        0.97391304347826091, 
        0.9826086956521739, 
        0.9652173913043478, 
        0.97826086956521741, 
        0.97826086956521741, 
        0.9869565217391304, 
        0.9869565217391304, 
        0.9695652173913043, 
        0.9869565217391304, 
        0.97391304347826091, 
        0.96086956521739131, 
        0.97826086956521741, 
        0.9652173913043478, 
        0.9695652173913043, 
        0.9695652173913043, 
        0.9695652173913043, 
        0.95652173913043481, 
        0.97391304347826091, 
        0.97826086956521741, 
        0.97826086956521741
    ], 
    "average": 0.96652173913043493, 
    "number of executions": 30, 
    "standard deviation": 0.048754493435166801
}