{
    "accuracies": [
        0.9652173913043478, 
        0.9695652173913043, 
        0.97826086956521741, 
        0.97391304347826091, 
        0.99130434782608701, 
        0.83913043478260874, 
        0.9826086956521739, 
        0.96086956521739131, 
        0.9652173913043478, 
        0.94347826086956521, 
        0.97826086956521741, 
        0.97826086956521741, 
        0.9652173913043478, 
        0.95217391304347831, 
        0.97391304347826091, 
        0.96086956521739131, 
        0.97826086956521741, 
        0.95652173913043481, 
        0.97826086956521741, 
        0.99130434782608701, 
        0.96086956521739131, 
        0.97391304347826091, 
        0.94782608695652171, 
        0.99130434782608701, 
        0.9869565217391304, 
        0.67391304347826086, 
        0.97826086956521741, 
        0.95652173913043481, 
        0.97826086956521741, 
        0.97826086956521741
    ], 
    "average": 0.95695652173913048, 
    "number of executions": 30, 
    "standard deviation": 0.058959150896872245
}