{
    "accuracies": [
        1.0, 
        1.0, 
        1.0, 
        1.0, 
        1.0, 
        1.0, 
        0.98571428571428577, 
        1.0, 
        1.0, 
        1.0, 
        1.0, 
        0.98571428571428577, 
        1.0, 
        1.0, 
        1.0, 
        1.0, 
        1.0, 
        1.0, 
        1.0, 
        1.0, 
        1.0, 
        1.0, 
        1.0, 
        1.0, 
        0.98571428571428577, 
        1.0, 
        1.0, 
        1.0, 
        1.0, 
        1.0
    ], 
    "average": 0.99857142857142855, 
    "number of executions": 30, 
    "standard deviation": 0.0042857142857142712
}