{
    "accuracies": [
        1.0, 
        1.0, 
        1.0, 
        1.0, 
        0.95714285714285718, 
        0.98571428571428577, 
        1.0, 
        1.0, 
        1.0, 
        0.98571428571428577, 
        0.98571428571428577, 
        1.0, 
        1.0, 
        1.0, 
        0.98571428571428577, 
        1.0, 
        1.0, 
        1.0, 
        1.0, 
        1.0, 
        0.98571428571428577, 
        1.0, 
        1.0, 
        1.0, 
        1.0, 
        0.97142857142857142, 
        0.98571428571428577, 
        1.0, 
        1.0, 
        1.0
    ], 
    "average": 0.99476190476190474, 
    "number of executions": 30, 
    "standard deviation": 0.010090295285912886
}