{
    "accuracies": [
        1.0, 
        0.9719626168224299, 
        1.0, 
        0.99065420560747663, 
        1.0, 
        0.99065420560747663, 
        1.0, 
        0.99065420560747663, 
        1.0, 
        1.0, 
        0.99065420560747663, 
        0.98130841121495327, 
        0.99065420560747663, 
        0.96261682242990654, 
        1.0, 
        1.0, 
        0.99065420560747663, 
        0.9719626168224299, 
        0.99065420560747663, 
        0.99065420560747663, 
        1.0, 
        0.99065420560747663, 
        0.99065420560747663, 
        0.99065420560747663, 
        1.0, 
        1.0, 
        0.98130841121495327, 
        0.99065420560747663, 
        1.0, 
        0.98130841121495327
    ], 
    "average": 0.99127725856697824, 
    "number of executions": 30, 
    "standard deviation": 0.0096321650054456767
}