{
    "accuracies": [
        0.81699346405228757, 
        0.79084967320261434, 
        0.75163398692810457, 
        0.78431372549019607, 
        0.81045751633986929, 
        0.77124183006535951, 
        0.78431372549019607, 
        0.83006535947712423, 
        0.79084967320261434, 
        0.79738562091503273, 
        0.75816993464052285, 
        0.82352941176470584, 
        0.80392156862745101, 
        0.81045751633986929, 
        0.76470588235294112, 
        0.81699346405228757, 
        0.79084967320261434, 
        0.80392156862745101, 
        0.81045751633986929, 
        0.79738562091503273, 
        0.78431372549019607, 
        0.82352941176470584, 
        0.83006535947712423, 
        0.79084967320261434, 
        0.78431372549019607, 
        0.79738562091503273, 
        0.79738562091503273, 
        0.78431372549019607, 
        0.77777777777777779, 
        0.78431372549019607
    ], 
    "average": 0.79542483660130747, 
    "number of executions": 30, 
    "standard deviation": 0.019763362912726117
}