{
    "accuracies": [
        0.83999999999999997, 
        0.82999999999999996, 
        0.82999999999999996, 
        0.83999999999999997, 
        0.87, 
        0.77000000000000002, 
        0.80000000000000004, 
        0.80000000000000004, 
        0.88, 
        0.81000000000000005, 
        0.79000000000000004, 
        0.77000000000000002, 
        0.81999999999999995, 
        0.78000000000000003, 
        0.83999999999999997, 
        0.80000000000000004, 
        0.85999999999999999, 
        0.81999999999999995, 
        0.78000000000000003, 
        0.81000000000000005, 
        0.78000000000000003, 
        0.78000000000000003, 
        0.79000000000000004, 
        0.78000000000000003, 
        0.83999999999999997, 
        0.85999999999999999, 
        0.79000000000000004, 
        0.75, 
        0.85999999999999999, 
        0.81999999999999995
    ], 
    "average": 0.81299999999999994, 
    "number of executions": 30, 
    "standard deviation": 0.033281626562814887
}