{
    "accuracies": [
        0.75, 
        0.80000000000000004, 
        0.87, 
        0.78000000000000003, 
        0.75, 
        0.82999999999999996, 
        0.80000000000000004, 
        0.75, 
        0.76000000000000001, 
        0.79000000000000004, 
        0.81000000000000005, 
        0.83999999999999997, 
        0.76000000000000001, 
        0.75, 
        0.80000000000000004, 
        0.79000000000000004, 
        0.79000000000000004, 
        0.77000000000000002, 
        0.85999999999999999, 
        0.71999999999999997, 
        0.76000000000000001, 
        0.80000000000000004, 
        0.79000000000000004, 
        0.75, 
        0.77000000000000002, 
        0.81999999999999995, 
        0.78000000000000003, 
        0.79000000000000004, 
        0.84999999999999998, 
        0.79000000000000004
    ], 
    "average": 0.78899999999999992, 
    "number of executions": 30, 
    "standard deviation": 0.035246749259092436
}