{
    "accuracies": [
        0.75, 
        0.85999999999999999, 
        0.80000000000000004, 
        0.82999999999999996, 
        0.81999999999999995, 
        0.81000000000000005, 
        0.77000000000000002, 
        0.81999999999999995, 
        0.88, 
        0.75, 
        0.90000000000000002, 
        0.81000000000000005, 
        0.79000000000000004, 
        0.80000000000000004, 
        0.79000000000000004, 
        0.81999999999999995, 
        0.81999999999999995, 
        0.81999999999999995, 
        0.82999999999999996, 
        0.81999999999999995, 
        0.88, 
        0.84999999999999998, 
        0.81999999999999995, 
        0.84999999999999998, 
        0.73999999999999999, 
        0.76000000000000001, 
        0.82999999999999996, 
        0.80000000000000004, 
        0.78000000000000003, 
        0.80000000000000004
    ], 
    "average": 0.81333333333333324, 
    "number of executions": 30, 
    "standard deviation": 0.038064273129653853
}