{
    "accuracies": [
        0.9028571428571428, 
        0.92571428571428571, 
        0.88, 
        0.94857142857142862, 
        0.92000000000000004, 
        0.89714285714285713, 
        0.9028571428571428, 
        0.9028571428571428, 
        0.93142857142857138, 
        0.9028571428571428, 
        0.93714285714285717, 
        0.93714285714285717, 
        0.90857142857142859, 
        0.9028571428571428, 
        0.92571428571428571, 
        0.84571428571428575, 
        0.88571428571428568, 
        0.84571428571428575, 
        0.86285714285714288, 
        0.88571428571428568, 
        0.86857142857142855, 
        0.94857142857142862, 
        0.95428571428571429, 
        0.92000000000000004, 
        0.90857142857142859, 
        0.92000000000000004, 
        0.87428571428571433, 
        0.92571428571428571, 
        0.93142857142857138, 
        0.89714285714285713
    ], 
    "average": 0.90666666666666673, 
    "number of executions": 30, 
    "standard deviation": 0.028393094238802413
}