{
    "accuracies": [
        0.91304347826086951, 
        0.89565217391304353, 
        0.87826086956521743, 
        0.86956521739130432, 
        0.88695652173913042, 
        0.84347826086956523, 
        0.88695652173913042, 
        0.91304347826086951, 
        0.89565217391304353, 
        0.9652173913043478, 
        0.89565217391304353, 
        0.91304347826086951, 
        0.95652173913043481, 
        0.89565217391304353, 
        0.93913043478260871, 
        0.88695652173913042, 
        0.88695652173913042, 
        0.90434782608695652, 
        0.86956521739130432, 
        0.86086956521739133, 
        0.95652173913043481, 
        0.91304347826086951, 
        0.94782608695652171, 
        0.93913043478260871, 
        0.88695652173913042, 
        0.90434782608695652, 
        0.94782608695652171, 
        0.89565217391304353, 
        0.91304347826086951, 
        0.92173913043478262
    ], 
    "average": 0.90608695652173898, 
    "number of executions": 30, 
    "standard deviation": 0.029735231543726742
}