{
    "accuracies": [
        0.91304347826086951, 
        0.93913043478260871, 
        0.91304347826086951, 
        0.88695652173913042, 
        0.85217391304347823, 
        0.93043478260869561, 
        0.93913043478260871, 
        0.90434782608695652, 
        0.95652173913043481, 
        0.9652173913043478, 
        0.92173913043478262, 
        0.90434782608695652, 
        0.87826086956521743, 
        0.92173913043478262, 
        0.90434782608695652, 
        0.93913043478260871, 
        0.86086956521739133, 
        0.91304347826086951, 
        0.93043478260869561, 
        0.90434782608695652, 
        0.88695652173913042, 
        0.91304347826086951, 
        0.90434782608695652, 
        0.93043478260869561, 
        0.90434782608695652, 
        0.93913043478260871, 
        0.90434782608695652, 
        0.85217391304347823, 
        0.88695652173913042, 
        0.94782608695652171
    ], 
    "average": 0.91159420289855053, 
    "number of executions": 30, 
    "standard deviation": 0.027960124034450282
}