{
    "accuracies": [
        0.88695652173913042, 
        0.93043478260869561, 
        0.90434782608695652, 
        0.94782608695652171, 
        0.93913043478260871, 
        0.93043478260869561, 
        0.93913043478260871, 
        0.91304347826086951, 
        0.87826086956521743, 
        0.92173913043478262, 
        0.79130434782608694, 
        0.93043478260869561, 
        0.93043478260869561, 
        0.97391304347826091, 
        0.87826086956521743, 
        0.88695652173913042, 
        0.92173913043478262, 
        0.83478260869565213, 
        0.90434782608695652, 
        0.90434782608695652, 
        0.95652173913043481, 
        0.90434782608695652, 
        0.95652173913043481, 
        0.87826086956521743, 
        0.86956521739130432, 
        0.82608695652173914, 
        0.87826086956521743, 
        0.93913043478260871, 
        0.90434782608695652, 
        0.94782608695652171
    ], 
    "average": 0.90695652173913044, 
    "number of executions": 30, 
    "standard deviation": 0.040485397649156589
}