{
    "accuracies": [
        1.0, 
        1.0, 
        1.0, 
        0.97959183673469385, 
        1.0, 
        1.0, 
        0.97959183673469385, 
        1.0, 
        1.0, 
        0.97959183673469385, 
        1.0, 
        1.0, 
        1.0, 
        1.0, 
        1.0, 
        1.0, 
        0.95918367346938771, 
        1.0, 
        1.0, 
        1.0, 
        1.0, 
        1.0, 
        1.0, 
        0.97959183673469385, 
        1.0, 
        0.97959183673469385, 
        0.97959183673469385, 
        0.97959183673469385, 
        0.97959183673469385, 
        1.0
    ], 
    "average": 0.99319727891156473, 
    "number of executions": 30, 
    "standard deviation": 0.01096905816095042
}