{
    "accuracies": [
        1.0, 
        0.98666666666666669, 
        1.0, 
        1.0, 
        1.0, 
        1.0, 
        1.0, 
        0.98666666666666669, 
        1.0, 
        0.98666666666666669, 
        1.0, 
        1.0, 
        1.0, 
        0.98666666666666669, 
        1.0, 
        1.0, 
        0.98666666666666669, 
        0.98666666666666669, 
        0.98666666666666669, 
        1.0, 
        0.98666666666666669, 
        1.0, 
        1.0, 
        0.98666666666666669, 
        0.97333333333333338, 
        1.0, 
        0.97333333333333338, 
        0.97333333333333338, 
        0.98666666666666669, 
        1.0
    ], 
    "average": 0.99288888888888893, 
    "number of executions": 30, 
    "standard deviation": 0.008933222774329664
}