{
    "accuracies": [
        1.0, 
        0.97959183673469385, 
        1.0, 
        0.95918367346938771, 
        1.0, 
        1.0, 
        1.0, 
        0.97959183673469385, 
        1.0, 
        1.0, 
        1.0, 
        0.97959183673469385, 
        1.0, 
        1.0, 
        1.0, 
        1.0, 
        1.0, 
        1.0, 
        1.0, 
        1.0, 
        1.0, 
        1.0, 
        1.0, 
        0.97959183673469385, 
        1.0, 
        0.97959183673469385, 
        1.0, 
        1.0, 
        1.0, 
        1.0
    ], 
    "average": 0.99523809523809526, 
    "number of executions": 30, 
    "standard deviation": 0.010112971936951376
}