{
    "accuracies": [
        0.9375, 
        0.875, 
        0.9375, 
        1.0, 
        1.0, 
        0.9375, 
        0.9375, 
        0.875, 
        0.9375, 
        0.9375, 
        1.0, 
        1.0, 
        0.875, 
        0.9375, 
        0.9375, 
        0.8125, 
        1.0, 
        0.9375, 
        1.0, 
        0.875, 
        0.875, 
        1.0, 
        0.875, 
        0.9375, 
        0.9375, 
        0.9375, 
        0.875, 
        1.0, 
        0.9375, 
        0.9375
    ], 
    "average": 0.93541666666666667, 
    "number of executions": 30, 
    "standard deviation": 0.049695251841152345
}