{
    "accuracies": [
        0.80000000000000004, 
        1.0, 
        0.90000000000000002, 
        1.0, 
        1.0, 
        1.0, 
        1.0, 
        0.80000000000000004, 
        1.0, 
        0.90000000000000002, 
        0.90000000000000002, 
        1.0, 
        0.90000000000000002, 
        0.90000000000000002, 
        0.80000000000000004, 
        1.0, 
        0.90000000000000002, 
        1.0, 
        1.0, 
        1.0, 
        1.0, 
        1.0, 
        1.0, 
        1.0, 
        1.0, 
        1.0, 
        1.0, 
        1.0, 
        1.0, 
        1.0
    ], 
    "average": 0.95999999999999985, 
    "number of executions": 30, 
    "standard deviation": 0.066332495807107997
}