{
    "accuracies": [
        1.0, 
        1.0, 
        0.90000000000000002, 
        1.0, 
        1.0, 
        1.0, 
        1.0, 
        0.90000000000000002, 
        1.0, 
        0.90000000000000002, 
        1.0, 
        0.80000000000000004, 
        1.0, 
        1.0, 
        0.90000000000000002, 
        0.90000000000000002, 
        1.0, 
        1.0, 
        1.0, 
        0.90000000000000002, 
        1.0, 
        0.90000000000000002, 
        0.90000000000000002, 
        1.0, 
        1.0, 
        1.0, 
        1.0, 
        0.80000000000000004, 
        0.90000000000000002, 
        0.90000000000000002
    ], 
    "average": 0.95333333333333325, 
    "number of executions": 30, 
    "standard deviation": 0.061824123303304668
}